{
    "users": {
        "name": "users",
        "allow-change-from": 0,
        "fields": [
            {
                "field-name": "username",
                "type": "text"
            },
            {
                "field-name": "name",
                "type": "text"
            },
            {
                "field-name": "middlename",
                "type": "text"
            },
            {
                "field-name": "lastname",
                "type": "text"
            },
            {
                "field-name": "password",
                "type": "password"
            },
            {
                "field-name": "address",
                "type": "text"
            },
            {
                "field-name": "phone",
                "type": "text"
            },
            {
                "field-name": "user-group",
                "type": "select",
                "options": [
                    {"name": "admin", "value": 0},
                    {"name": "user", "value": 1}
                ]
            }
        ]
    }
}

